{"D_A": 0.29672810435295105, "G_A": 0.4516172409057617, "cycle_A": 2.5577757358551025, "idt_A": 0.7394394278526306, "D_B": 0.269943505525589, "G_B": 0.4138270318508148, "cycle_B": 1.885741949081421, "idt_B": 1.1449118852615356, "_runtime": 4461, "_timestamp": 1641810342, "_step": 1}