{"D_A": 0.4420124888420105, "G_A": 0.31627166271209717, "cycle_A": 2.493265390396118, "idt_A": 0.6480251550674438, "D_B": 0.2379150092601776, "G_B": 0.5108721256256104, "cycle_B": 1.5690981149673462, "idt_B": 1.1394150257110596, "_runtime": 1946, "_timestamp": 1641734794, "_step": 0}